Tipo de escenario,Corregimiento o comuna,VeredaBarrio,Nombre barrio o vereda,Nombre escenario deportivo,Dirección,Longitud,latitud,georeferenciacion
Gimnasio,Comuna 1 Liborio Mejía,Barrio,laureles,gimnasio coliseo Ruben Dario Quintero,carrera 51 # 28 - 32,6.66157582,75.75372677,POINT (6.66157582 75.75372677)
Cancha de fútbol arena,Corregimiento Norte o Néstor Esteban Sanint Arbeláez,Vereda,vereda cimarronas,cancha de futbol de cimarronas,vereda cimarronas,6.66167318,75.75358679,POINT (6.66167318 75.75358679)
Gimnasio al aire libre,Corregimiento Norte o Néstor Esteban Sanint Arbeláez,Vereda,vereda Rio abajo,gimnasio al aire libre Rio abajo,Rio abajo,6.66217579,75.75342153,POINT (6.66217579 75.75342153)
Gimnasio al aire libre,Comuna 3 Monseñor Alfonso Uribe Jaramillo,Barrio,sector tranvia,gimnasio al aire libre centro reclusorio,,6.66161042,75.75365478,POINT (6.66161042 75.75365478)
Placa Polideportiva,Corregimiento Centro o Casimiro García,Vereda,vereda chachafruto,placa polideportiva chachafruto,sector base aerea,6.66164222,75.75416162,POINT (6.66164222 75.75416162)
Pista de bicicross,Comuna 3 Monseñor Alfonso Uribe Jaramillo,Barrio,Vía juan de Dios morales,Pista de bicros unidad deportiva,Unidad deportiva Alberto Alberto grisalez,6.66146438,75.75373452,POINT (6.66146438 75.75373452)
Coliseo,Comuna 3 Monseñor Alfonso Uribe Jaramillo,Barrio,Sector estadio,Coliseo Ivan Ramiro Córdoba,Unidad deportiva Alberto Alberto grisalez,6.66146438,75.75373452,POINT (6.66146438 75.75373452)
Gimnasio al aire libre,Comuna 3 Monseñor Alfonso Uribe Jaramillo,Barrio,Sector estadio,Gimnasio al aire libre unidad deportiva Alberto grisalez,Sector estadio,6.66146438,75.75373452,POINT (6.66146438 75.75373452)
Gimnasio al aire libre,Comuna 1 Liborio Mejía,Barrio,Alto del medio,Gimnasio al aire libre alto del medio,Alto del medio,6.66155915,75.75376185,POINT (6.66155915 75.75376185)
Parques infantiles,Comuna 1 Liborio Mejía,Barrio,Alto del medio,Parque infantil alto del medio,Alto del medio,6.66155915,75.75376185,POINT (6.66155915 75.75376185)
Cancha de fútbol arena,Corregimiento Occidente o José María Córdova Muñoz,Vereda,Vereda Santa Teresa,Cancha de fútbol veresa Santa Teresa,Vereda Santa Teresa,6.66063399,75.75394695,POINT (6.66063399 75.75394695)
Gimnasio al aire libre,Corregimiento Sur o Gilberto Echeverri Mejía,Vereda,Vereda Santa Teresa,Gimnasio al aire libre Santa Teresa,Vereda Santa Teresa,6.66063399,75.75394695,POINT (6.66063399 75.75394695)
Placa Polideportiva,Corregimiento Sur o Gilberto Echeverri Mejía,Vereda,Vereda Santa Teresa,Placa polideportiva Santa Teresa,Vereda Santa Teresa,6.66063399,75.75394695,POINT (6.66063399 75.75394695)
Gimnasio al aire libre,Corregimiento Sur o Gilberto Echeverri Mejía,Vereda,Gimnasio al aire libre escuela chipre,Gimasnio libre escuela chipre,Chipre,6.66131999,75.75399247,POINT (6.66131999 75.75399247)
Placa Polideportiva,Corregimiento Sur o Gilberto Echeverri Mejía,Vereda,Vereda chipre,Placa polideportiva. escuela Chipre,Vereda chipre,6.66131999,75.75399247,POINT (6.66131999 75.75399247)
Gimnasio al aire libre,Corregimiento Norte o Néstor Esteban Sanint Arbeláez,Vereda,Vereda cimarronas,Gimnasio al aire libre cimarronas,Vereda cimarronas,6.66167318,75.75358679,POINT (6.66167318 75.75358679)
Placa Polideportiva,Corregimiento Norte o Néstor Esteban Sanint Arbeláez,Vereda,Cimarronas,Placa polideportiva cimarronas,Vereda cimarronas,6.66167318,75.75358679,POINT (6.66167318 75.75358679)
Gimnasio al aire libre,Corregimiento Sur o Gilberto Echeverri Mejía,Vereda,Vereda higuerón,Gimnasio al aire libre higuerón,Escuela higuerón,6.66101284,75.7542619,POINT (6.66101284 75.7542619)
Placa Polideportiva,Corregimiento Sur o Gilberto Echeverri Mejía,Vereda,Vereda higuerón,Placa polideportiva higuerón,Escuela higuerón,6.66101284,75.7542619,POINT (6.66101284 75.7542619)
Placa Polideportiva,Corregimiento Sur o Gilberto Echeverri Mejía,Vereda,Vereda pontezuela,Placa polideportiva pontezuela,Colegio baltasar salazar,6.66078229,75.75423308,POINT (6.66078229 75.75423308)
Placa Polideportiva,Corregimiento Sur o Gilberto Echeverri Mejía,Vereda,Vereda el capiro,Placa polideportiva el capiro,Cereda capiro,6.66080159,75.75411392,POINT (6.66080159 75.75411392)
Gimnasio al aire libre,Corregimiento Sur o Gilberto Echeverri Mejía,Vereda,Vereda el capiro,Gimnasio al aire libre capiro,Cereda capiro,6.66080159,75.75411392,POINT (6.66080159 75.75411392)
Gimnasio,Corregimiento Sur o Gilberto Echeverri Mejía,Vereda,Vereda cabeceras,Gimnasio de cabeceras,Vereda  cabeceras,6.6610123,75.75426567,POINT (6.6610123 75.75426567)
Patinódromo,Comuna 1 Liborio Mejía,Barrio,Vía juan de Dios morales,Patinodromo julio César,,6.66143469,75.75375841,POINT (6.66143469 75.75375841)
Placa Polideportiva,Comuna 1 Liborio Mejía,Barrio,Las playas,Placa polideportiva colegio Josefina Muñoz Gonzáles,,6.66155136,75.75368539,POINT (6.66155136 75.75368539)
Placa Polideportiva,Comuna 1 Liborio Mejía,Barrio,Laureles,Placa polideportiva escuela juan Manuel Gonzáles,,6.66157744,75.75371462,POINT (6.66157744 75.75371462)
Gimnasio al aire libre,Corregimiento Centro o Casimiro García,Vereda,Chachafruto,Gimnasio al aire libre chachafruto,Chachafuto,6.66162012,75.75414375,POINT (6.66162012 75.75414375)
Gimnasio al aire libre,Corregimiento Centro o Casimiro García,Vereda,Barro blanco,Gimnasio al aire libre barro blanco,Colegio Barro blanco,6.66152102,75.75407319,POINT (6.66152102 75.75407319)
Placa Polideportiva,Corregimiento Centro o Casimiro García,Vereda,Barro blanco,Placa polideportiva Barro blanco,Colegio Barro blanco,6.6615195,75.75407023,POINT (6.6615195 75.75407023)
Placa Polideportiva,Comuna 4 El Porvenir,Barrio,El porvenir,Placa polideportiva  colegio concejo municipal,Tercera etapa,6.66150174,75.75387824,POINT (6.66150174 75.75387824)
Gimnasio al aire libre,Comuna 4 El Porvenir,Barrio,Porvenir,Gimnasio al aire libre colegio concejo el porvenir,Tercera etapa,6.66150174,75.75387824,POINT (6.66150174 75.75387824)
Placa Polideportiva,Comuna 2 San Antonio,Barrio,San Antonio,Placa polideportiva colegio San Antonio,,6.66130068,75.75380943,POINT (6.66130068 75.75380943)
Placa Polideportiva,Comuna 3 Monseñor Alfonso Uribe Jaramillo,Barrio,Sector los colegios,Placa polideportiva colegio industrial Santiago de arma,,6.66145122,75.75374116,POINT (6.66145122 75.75374116)
Cancha de fútbol arena,Comuna 3 Monseñor Alfonso Uribe Jaramillo,Barrio,Sector los colegios,Cancha de fútbol colegio liceo jose María Córdoba,,6.66144396,75.75372573,POINT (6.66144396 75.75372573)
Placa Polideportiva,Comuna 3 Monseñor Alfonso Uribe Jaramillo,Barrio,Sector los colegios,Placa polideportiva liceo jose María Córdoba,,6.66144396,75.75372573,POINT (6.66144396 75.75372573)
Placa Polideportiva,Comuna 3 Monseñor Alfonso Uribe Jaramillo,Barrio,Sector los colegios,Placa polideportiva colegio el liceo jose María Córdoba,,6.66144396,75.75372573,POINT (6.66144396 75.75372573)
Placa Polideportiva,Comuna 3 Monseñor Alfonso Uribe Jaramillo,Barrio,Sector los colegios,Placa polideportiva Colegio normal superior de María,Colegio Normal superior de maria,6.66143655,75.75372288,POINT (6.66143655 75.75372288)
Cancha de fútbol sintética,Comuna 3 Monseñor Alfonso Uribe Jaramillo,Barrio,Unidad deportiva Alberto Grisales,Cancha de fútbol la auxiliar,Unidad deportiva Alberto Grisales,6.66146236,75.75373942,POINT (6.66146236 75.75373942)
Skate park,Comuna 3 Monseñor Alfonso Uribe Jaramillo,Barrio,Unidad deportiva Alberto Grisales,Skate park,Unidad deportiva Alberto Grisales,6.66146236,75.75373942,POINT (6.66146236 75.75373942)
Canchas de tenis de campo,Comuna 3 Monseñor Alfonso Uribe Jaramillo,Barrio,Unidad deportiva Alberto Grisales,Cancha de tenis de campo unidad deportiva,Unidad deportiva Alberto Grisales,6.66146236,75.75373942,POINT (6.66146236 75.75373942)
Estadio futbol,Comuna 3 Monseñor Alfonso Uribe Jaramillo,Barrio,Unidad deportiva Alberto Grisales,Estadio de fútbol Alberto Grisales,Unidad deportiva Alberto Grisales,6.66146236,75.75373942,POINT (6.66146236 75.75373942)
Parques infantiles,Comuna 3 Monseñor Alfonso Uribe Jaramillo,Barrio,Unidad deportiva Alberto Grisales,Parque infantil,Unidad deportiva Alberto Grisales,6.66146236,75.75373942,POINT (6.66146236 75.75373942)
Placa Polideportiva,Corregimiento Sur o Gilberto Echeverri Mejía,Vereda,Cabeceras,Placa polideportiva cabeceras,Acueducto cabeceras,6.6610123,75.75426567,POINT (6.6610123 75.75426567)
Cancha de fútbol sintética,Corregimiento Sur o Gilberto Echeverri Mejía,Vereda,Cabeceras,Cancha de fútbol cabeceras,Colegio Gilberto Echeverri Echeverri mejia,6.6610786,75.75421797,POINT (6.6610786 75.75421797)
Placa Polideportiva,Corregimiento Sur o Gilberto Echeverri Mejía,Vereda,Cabeceras,Placa polideportiva cabeceras,Colegio Gilberto Echeverri mejia,6.6610786,75.75421797,POINT (6.6610786 75.75421797)
Placa Polideportiva,Corregimiento Sur o Gilberto Echeverri Mejía,Vereda,Tres puertas,Placa polideportiva tres puertas,Tres puertas,6.66126691,75.75417573,POINT (6.66126691 75.75417573)
Canchas de tenis de campo,Corregimiento Sur o Gilberto Echeverri Mejía,Vereda,Tres puertas,Cancha de tenis de campo la Morelia,Tres puertas,6.66123999,75.75417498,POINT (6.66123999 75.75417498)
Cancha de futbol de grama,Corregimiento Sur o Gilberto Echeverri Mejía,Vereda,Sector 3 puertas,Cancha de fútbol la Morelia,Tres puertas,6.66123999,75.75417498,POINT (6.66123999 75.75417498)
Placa Polideportiva,Corregimiento Sur o Gilberto Echeverri Mejía,Vereda,Guayabito,Placa polideportiva guayabito,Institución educativa Domingo savio,6.66118208,75.75445262,POINT (6.66118208 75.75445262)
Gimnasio al aire libre,Corregimiento Sur o Gilberto Echeverri Mejía,Vereda,Guayabito,Gimnasio al aire libre guayabito,Institución educativa Domingo savio,6.66118208,75.75445262,POINT (6.66118208 75.75445262)
Gimnasio al aire libre,Corregimiento Occidente o José María Córdova Muñoz,Vereda,Tablacito,Gimnasio al aire libre tablacito,El tablacito,6.66130186,75.75461774,POINT (6.66130186 75.75461774)
Placa Polideportiva,Corregimiento Sur o Gilberto Echeverri Mejía,Vereda,El tablacito,Placa polideportiva tablacito,Tablacito,6.66129919,75.75459179,POINT (6.66129919 75.75459179)
Placa Polideportiva,Corregimiento Sur o Gilberto Echeverri Mejía,Vereda,El tablazo,Placa polideportiva. colegio Antonio Donado Camacho,Colegio Antonio Donado,6.66144941,75.75450162,POINT (6.66144941 75.75450162)
Gimnasio al aire libre,Corregimiento Occidente o José María Córdova Muñoz,Vereda,El tablazo,Gimnasio la aire libre el tablazo,Colegio Antonio Donado Camacho,6.66144941,75.75450162,POINT (6.66144941 75.75450162)
Cancha de fútbol sintética,Corregimiento Sur o Gilberto Echeverri Mejía,Vereda,el tablazo,Cancha de fútbol el tablazo,El tablazo,6.66144941,75.75450162,POINT (6.66144941 75.75450162)
Parques infantiles,Corregimiento Sur o Gilberto Echeverri Mejía,Vereda,El tablazo,Parque infantil el tablazo,El tablazo,6.66146045,75.75450534,POINT (6.66146045 75.75450534)
Placa Polideportiva,Corregimiento Sur o Gilberto Echeverri Mejía,Vereda,El tablazo,Placa polideportiva el tablazo,El tablazo,6.66146045,75.75450534,POINT (6.66146045 75.75450534)
Placa Polideportiva,Corregimiento Occidente o José María Córdova Muñoz,Vereda,La convención,Placa polideportiva la convención,Escuela la convención,6.66158624,75.75438521,POINT (6.66158624 75.75438521)
Gimnasio al aire libre,Corregimiento Occidente o José María Córdova Muñoz,Vereda,La convención,Gimnasio al aire libre la convención,Escuela la convención,6.66158624,75.75438521,POINT (6.66158624 75.75438521)
Placa Polideportiva,Corregimiento Occidente o José María Córdova Muñoz,Vereda,La Quiebra,Placa polideportiva la Quiebra,La Quiebra,6.66194255,75.75464962,POINT (6.66194255 75.75464962)
Gimnasio al aire libre,Corregimiento Occidente o José María Córdova Muñoz,Vereda,La Quiebra,Gimnasio al aire libre la Quiebra,La Quiebra,6.66194255,75.75464962,POINT (6.66194255 75.75464962)
Placa Polideportiva,Corregimiento Occidente o José María Córdova Muñoz,Vereda,Yarumal,Placa polideportiva yarumal,Colegio Guillermo Gaviria,6.66172789,75.75454927,POINT (6.66172789 75.75454927)
Cancha de fútbol arena,Corregimiento Sur o Gilberto Echeverri Mejía,Vereda,Yarumal,Cancha de fútbol yarumal,Colegio Gilberto Gaviria,6.66172789,75.75454927,POINT (6.66172789 75.75454927)
Gimnasio al aire libre,Corregimiento Occidente o José María Córdova Muñoz,Vereda,Yarumal,Gimnasio al aire libre yarumal,Colegio Guillermo Gaviria. yarumal,6.66172789,75.75454927,POINT (6.66172789 75.75454927)
Gimnasio al aire libre,Corregimiento Occidente o José María Córdova Muñoz,Vereda,Rancherías,Gimnasio al aire libre Rancherías,Escuela Rancherías,6.6618834,75.75438459,POINT (6.6618834 75.75438459)
Placa Polideportiva,Corregimiento Sur o Gilberto Echeverri Mejía,Vereda,Rancherías,Placa polideportiva Rancherías,Escuela Rancherías,6.6618834,75.75438459,POINT (6.6618834 75.75438459)
Gimnasio al aire libre,Corregimiento Occidente o José María Córdova Muñoz,Vereda,La mosquita,Gimnasio al aire libre la mosquita,Colegio la mosquita,6.6620688,75.75439765,POINT (6.6620688 75.75439765)
Placa Polideportiva,Corregimiento Sur o Gilberto Echeverri Mejía,Vereda,La mosquita,Placa polideportiva la mosquita,La mosquita,6.6620688,75.75439765,POINT (6.6620688 75.75439765)
Cancha de fútbol sintética,Corregimiento Centro o Casimiro García,Vereda,Abreo,Cancha de fútbol Abreo,Abreo,6.66168948,75.75399007,POINT (6.66168948 75.75399007)
Placa Polideportiva,Corregimiento Centro o Casimiro García,Vereda,Abreo,Placa polideportiva abreo,Abreo,6.66168948,75.75399007,POINT (6.66168948 75.75399007)
Gimnasio al aire libre,Corregimiento Centro o Casimiro García,Vereda,Abreo,Gimnasio al aire libre abreo,Abreo,6.66168948,75.75399007,POINT (6.66168948 75.75399007)
Placa Polideportiva,Corregimiento Centro o Casimiro García,Vereda,Abreo,Placa polideportiva escuela María inmaculada abreo,Abreo,6.66170317,75.75399882,POINT (6.66170317 75.75399882)
Placa Polideportiva,Corregimiento Centro o Casimiro García,Vereda,Abreito,Placa polideportiva abreito,Abreito,6.66164962,75.75411352,POINT (6.66164962 75.75411352)
Parques infantiles,Corregimiento Centro o Casimiro García,Vereda,Abreito,Parque infantil abreito,Abreito,6.66164962,75.75411352,POINT (6.66164962 75.75411352)
Gimnasio al aire libre,Corregimiento Centro o Casimiro García,Vereda,Abreito,Gimnasio al aire libre abreito,Abreito,6.66164962,75.75411352,POINT (6.66164962 75.75411352)
Placa Polideportiva,Corregimiento Centro o Casimiro García,Vereda,Las cuchillas,Placa polideportiva colegio las cuchillas,Las cuchillas,6.66179299,75.75393679,POINT (6.66179299 75.75393679)
Placa Polideportiva,Corregimiento Occidente o José María Córdova Muñoz,Vereda,El carmín,Placa polideportivo los felisos el carmín,El carmín,6.66186862,75.75415577,POINT (6.66186862 75.75415577)
Gimnasio al aire libre,Corregimiento Centro o Casimiro García,Vereda,El carmín,Gimnasio la aire libre el carmín,El carmín,6.66190138,75.75414629,POINT (6.66190138 75.75414629)
Placa Polideportiva,Corregimiento Occidente o José María Córdova Muñoz,Vereda,El carmin,Placa polideportiva escuela el carmín,El carmín,6.66190138,75.75414629,POINT (6.66190138 75.75414629)
Cancha de fútbol arena,Corregimiento Centro o Casimiro García,Vereda,El carmín,Cancha de fútbol de arena del carmin,El carmín,6.66199457,75.75421965,POINT (6.66199457 75.75421965)
Gimnasio al aire libre,Corregimiento Centro o Casimiro García,Vereda,Mampuesto,Gimnasio al aire libre escuela de mampuesto,Escuela mampuesto,6.66212869,75.754079,POINT (6.66212869 75.754079)
Placa Polideportiva,Corregimiento Centro o Casimiro García,Vereda,Mampuesto,Placa polideportiva escuela de mampuesto,Escuela mampuesto,6.66212869,75.754079,POINT (6.66212869 75.754079)
Cancha de futbol de grama,Corregimiento Centro o Casimiro García,Vereda,Mampuesto,Cancha de fútbol de mampuesto,Mampuesto,6.66205147,75.75407769,POINT (6.66205147 75.75407769)
Placa Polideportiva,Corregimiento Sur o Gilberto Echeverri Mejía,Vereda,La playa,Placa polideportiva la playa,La playa. sector la esperanza,6.66209457,75.7538684,POINT (6.66209457 75.7538684)
Cancha de fútbol sintética,Comuna 1 Liborio Mejía,Barrio,Laureles,Cancha de fútbol Campo Santander,Carrera51 #2832,6.66157582,75.75372677,POINT (6.66157582 75.75372677)
Gimnasio,Comuna 1 Liborio Mejía,Barrio,Laureles,Gimnasio Rubén Dario Quintero,Carrera51 #2832,6.66157582,75.75372677,POINT (6.66157582 75.75372677)
Placa Polideportiva,Comuna 1 Liborio Mejía,Barrio,Laureles,Coliseo Rubén Dario Quintero Villada,Cra. 51 #2832,6.66157582,75.75372677,POINT (6.66157582 75.75372677)
Gimnasio al aire libre,Comuna 1 Liborio Mejía,Barrio,Fontibon,Gimnasio al aire libre fontibon,Calle 67,6.66167228,75.7537454,POINT (6.66167228 75.7537454)
Gimnasio al aire libre,Corregimiento Centro o Casimiro García,Vereda,Alto bonito,Gimnasio al aire libre alto bonito,Alto bonito,6.66164227,75.75384979,POINT (6.66164227 75.75384979)
Placa Polideportiva,Corregimiento Centro o Casimiro García,Vereda,Alto bonito,Placa polideportiva alto bonito,Alto bonito,6.66164227,75.75384979,POINT (6.66164227 75.75384979)
Cancha de fútbol sintética,Corregimiento Centro o Casimiro García,Vereda,Las cuchillas,cancha de futbol cuchillas,Las cuchillas,6.66184415,75.75395782,POINT (6.66184415 75.75395782)
Gimnasio al aire libre,Corregimiento Centro o Casimiro García,Vereda,Cuchillas de San jose,Gimnasio al aire libre cuchillas,Las cuchillas,6.66184415,75.75395782,POINT (6.66184415 75.75395782)
Cancha de fútbol arena,Corregimiento Centro o Casimiro García,Vereda,La laja,Cancha de Fútbol la laja,La laja,6.66178308,75.75375351,POINT (6.66178308 75.75375351)
Gimnasio al aire libre,Corregimiento Norte o Néstor Esteban Sanint Arbeláez,Vereda,La laja,Gimnasio al aire libre la laja,La laja,6.66178308,75.75375351,POINT (6.66178308 75.75375351)
Placa Polideportiva,Corregimiento Norte o Néstor Esteban Sanint Arbeláez,Vereda,La laja,Placa polideportiva la laja,La laja,6.66186617,75.75379572,POINT (6.66186617 75.75379572)
Placa Polideportiva,Corregimiento Norte o Néstor Esteban Sanint Arbeláez,Vereda,Santa barbara,Placa polideportiva santa bárbara,Santa bárbara,6.66202092,75.7538181,POINT (6.66202092 75.7538181)
Placa Polideportiva,Corregimiento Norte o Néstor Esteban Sanint Arbeláez,Vereda,Santa bárbara,Placa polideportiva santa bárbara,Santa bárbara,6.66194593,75.75370307,POINT (6.66194593 75.75370307)
Placa Polideportiva,Corregimiento Norte o Néstor Esteban Sanint Arbeláez,Vereda,Santa bárbara,Placa polideportiva santa bárbara,Santa bárbara,6.66194593,75.75370307,POINT (6.66194593 75.75370307)
Gimnasio al aire libre,Corregimiento Norte o Néstor Esteban Sanint Arbeláez,Vereda,Santa barbara,Gimnasio al aire libre santa barbara,Santa bárbara,6.66194593,75.75370307,POINT (6.66194593 75.75370307)
Cancha de fútbol sintética,Corregimiento Norte o Néstor Esteban Sanint Arbeláez,Vereda,Santa barbara,Cancha de fútbol santa bárbara,Santa bárbara,6.66194593,75.75370307,POINT (6.66194593 75.75370307)
Placa Polideportiva,Corregimiento Norte o Néstor Esteban Sanint Arbeláez,Vereda,Santa barbara,Placa polideportiva santa bárbara,Santa bárbara,6.6619898,75.75367593,POINT (6.6619898 75.75367593)
Placa Polideportiva,Corregimiento Norte o Néstor Esteban Sanint Arbeláez,Vereda,Los pinos,Placa polideportiva,Los pinos,6.66204158,75.75348513,POINT (6.66204158 75.75348513)
Cancha de fútbol arena,Corregimiento Norte o Néstor Esteban Sanint Arbeláez,Vereda,Los pinos,Cancha los pinos,Los pinos,6.66206157,75.75354401,POINT (6.66206157 75.75354401)
Placa Polideportiva,Corregimiento Norte o Néstor Esteban Sanint Arbeláez,Vereda,San Luis,Placa polideportiva San Luis,Escuela San Luis,6.66219105,75.75373355,POINT (6.66219105 75.75373355)
Cancha de fútbol arena,Corregimiento Norte o Néstor Esteban Sanint Arbeláez,Vereda,San Luis,Cancha de arena de San Luis,San Luis,6.66223795,75.75370094,POINT (6.66223795 75.75370094)
Gimnasio al aire libre,Corregimiento Norte o Néstor Esteban Sanint Arbeláez,Vereda,San Luis,Gimnasio al aire libre San Luis,San luis,6.66222889,75.75368332,POINT (6.66222889 75.75368332)
Placa Polideportiva,Corregimiento Norte o Néstor Esteban Sanint Arbeláez,Vereda,Río abajo,Placa polideportiva Rio abajo,Río abajo,6.66217579,75.75342153,POINT (6.66217579 75.75342153)
Gimnasio al aire libre,Corregimiento Norte o Néstor Esteban Sanint Arbeláez,Vereda,Los pinos,Gimnasio al aire libre los pinos,Los pinos,6.6619977,75.75352246,POINT (6.6619977 75.75352246)
Placa Polideportiva,Corregimiento Norte o Néstor Esteban Sanint Arbeláez,Vereda,Galicia alta,Placa polideportiva Galicia alta,Galicia alta,6.66192311,75.75359784,POINT (6.66192311 75.75359784)
Gimnasio al aire libre,Corregimiento Norte o Néstor Esteban Sanint Arbeláez,Vereda,Galicia alta,Gimnasio al aire libre Galicia alta,Galicia alta,6.66192311,75.75359784,POINT (6.66192311 75.75359784)
Gimnasio al aire libre,Corregimiento Norte o Néstor Esteban Sanint Arbeláez,Vereda,Galicia baja,Gimnasio al aire libre Galicia baja,Galicia baja,6.66185052,75.75366956,POINT (6.66185052 75.75366956)
Placa Polideportiva,Corregimiento Norte o Néstor Esteban Sanint Arbeláez,Vereda,Galicia baja,Placa polideportiva Galicia baja,Vereda Galicia baja,6.66185052,75.75366956,POINT (6.66185052 75.75366956)
Gimnasio al aire libre,Comuna 3 Monseñor Alfonso Uribe Jaramillo,Barrio,Altos de Villa María,Gimnasio al aire libre altos de Villa María,Cra. 39 #50-312 a 50-328,6.66156351,75.75364793,POINT (6.66156351 75.75364793)
Gimnasio al aire libre,Comuna 2 San Antonio,Barrio,San Antonio. Cementerio,Gimnasio al aire libre San Antonio. cementerio,Cra. 53 #24-2 a 24-24,6.66128745,75.75377561,POINT (6.66128745 75.75377561)
Cancha de fútbol sintética,Comuna 2 San Antonio,Barrio,San Antonio,Cancha sintética San Antonio,Cra. 53 #24-2 a 24-24,6.66128745,75.75377561,POINT (6.66128745 75.75377561)
Placa Polideportiva,Comuna 2 San Antonio,Barrio,Los libertadores,Placa polideportiva los libertadores,Cra. 55e #21-117 a 21-81,6.66130171,75.75381987,POINT (6.66130171 75.75381987)
Gimnasio al aire libre,Comuna 2 San Antonio,Barrio,Los libertadores,Gimnasio los libertadores,Cra. 55e #21-117 a 21-81,6.66130137,75.75382029,POINT (6.66130137 75.75382029)
Placa Polideportiva,Comuna 2 San Antonio,Barrio,Bosques de la Pereira,Placa polideportiva Bosques,Cl. 14b,6.66124661,75.7538247,POINT (6.66124661 75.7538247)
Placa Polideportiva,Comuna 2 San Antonio,Barrio,Bosques de la Pereira,Placa polideportiva Bosques de la Pereira,Cl. 14b,6.66124661,75.7538247,POINT (6.66124661 75.7538247)
Gimnasio al aire libre,Comuna 2 San Antonio,Barrio,Bosques de la pereira. San Antonio,Gimnasio al aire libre bosques de la pereira,Cl. 14b,6.66124545,75.75382173,POINT (6.66124545 75.75382173)
Placa Polideportiva,Comuna 2 San Antonio,Barrio,Remansos,Placa polideportiva remansos,Cra. 54 #18-117 a 18-65,6.66126386,75.75378796,POINT (6.66126386 75.75378796)
Parques infantiles,Comuna 2 San Antonio,Barrio,Remansos,Parque infantil Remansos,Cra. 54 #18-117 a 18-65,6.66126386,75.75378796,POINT (6.66126386 75.75378796)
Gimnasio al aire libre,Comuna 2 San Antonio,Barrio,Remansos,Gimanasio al aire libre remansos,Cra. 54 #18-117 a 18-65,6.66126386,75.75378796,POINT (6.66126386 75.75378796)
Placa Polideportiva,Corregimiento Sur o Gilberto Echeverri Mejía,Vereda,San joaquin,Placa polideportiva,Cl. 39 #51,6.66141244,75.75370393,POINT (6.66141244 75.75370393)
Placa Polideportiva,Comuna 3 Monseñor Alfonso Uribe Jaramillo,Barrio,Balcones 1,Placa polideportiva balcones 1,Cl. 41 #49a-83 a 49a-33,6.66147034,75.75370021,POINT (6.66147034 75.75370021)
Placa Polideportiva,Comuna 3 Monseñor Alfonso Uribe Jaramillo,Barrio,El Pinar,Placa polideportiva el Pinar,Cl. 40ab #47-2 a 47-10,6.66148223,75.75366504,POINT (6.66148223 75.75366504)
Gimnasio al aire libre,Corregimiento Sur o Gilberto Echeverri Mejía,Vereda,El Rosal,Gimnasio al aire libre el rosal,Vda. El Rosal,6.66141339,75.75363941,POINT (6.66141339 75.75363941)
Placa Polideportiva,Corregimiento Sur o Gilberto Echeverri Mejía,Vereda,El rosal,Placa polideportiva el Rosal,Vda. El Rosal,6.66141339,75.75363941,POINT (6.66141339 75.75363941)
Placa Polideportiva,Comuna 3 Monseñor Alfonso Uribe Jaramillo,Barrio,Sector Uco,Placa polideportiva uco,Cra. 46 #41-2 a 41-242,6.66150238,75.75368405,POINT (6.66150238 75.75368405)
Gimnasio al aire libre,Comuna 3 Monseñor Alfonso Uribe Jaramillo,Barrio,Sector uco,Gimnasio al aire libre uco,Cra. 46 #41-2 a 41-242,6.66150238,75.75368405,POINT (6.66150238 75.75368405)
Placa Polideportiva,Comuna 3 Monseñor Alfonso Uribe Jaramillo,Barrio,El águila,Placa polideportiva el aguila,Cl. 45 #47-2 a 47-80,6.66150524,75.75370189,POINT (6.66150524 75.75370189)
Gimnasio al aire libre,Comuna 3 Monseñor Alfonso Uribe Jaramillo,Barrio,Villa camila,Gimnasio al aire libre villa Camila,Villa Camila,6.66148254,75.75356401,POINT (6.66148254 75.75356401)
Parques infantiles,Comuna 3 Monseñor Alfonso Uribe Jaramillo,Barrio,La lela,Parque infantil la lela,Cl. 36 #40-91 a 40-1,6.66149297,75.75360389,POINT (6.66149297 75.75360389)
Cancha de fútbol sintética,Comuna 3 Monseñor Alfonso Uribe Jaramillo,Barrio,La lela,Cancha sintética la lela,Cl. 36 #40c-46 a 40c-266,6.66147545,75.75361164,POINT (6.66147545 75.75361164)
Placa Polideportiva,Comuna 3 Monseñor Alfonso Uribe Jaramillo,Barrio,La lela,Placa polideportiva la lela,Cl. 36 #40c-46 a 40c-266,6.66147545,75.75361164,POINT (6.66147545 75.75361164)
Gimnasio al aire libre,Comuna 3 Monseñor Alfonso Uribe Jaramillo,Barrio,La lela,Gimnasio al aire libre la lela,Cl. 36 #40c-46 a 40c-266,6.66147545,75.75361164,POINT (6.66147545 75.75361164)
Placa Polideportiva,Comuna 3 Monseñor Alfonso Uribe Jaramillo,Barrio,La esmeralda,Placa polideportiva la esmeralda,Cra. 39 #4638,6.66154978,75.75364169,POINT (6.66154978 75.75364169)
Gimnasio al aire libre,Comuna 3 Monseñor Alfonso Uribe Jaramillo,Barrio,La esmeralda,Gimnasio al aire libre la esmeralda,Cra. 39 #4638,6.66154978,75.75364169,POINT (6.66154978 75.75364169)
Placa Polideportiva,Comuna 3 Monseñor Alfonso Uribe Jaramillo,Barrio,Villa clemen,Placa polideportiva,Tv. 42g #42e-2 a 42e-52,6.66154073,75.57536333,POINT (6.66154073 75.57536333)
Gimnasio al aire libre,Comuna 3 Monseñor Alfonso Uribe Jaramillo,Barrio,Villa clemen,Gimansio al aire libre villa clemen,Tv. 42g #42e-2 a 42e-52,6.66154073,75.57536333,POINT (6.66154073 75.57536333)
Gimnasio al aire libre,Comuna 3 Monseñor Alfonso Uribe Jaramillo,Barrio,El águila,Gimnasio al aire libre el águila,Cl. 45 #42-37 a 42-27,6.66152211,75.7536691,POINT (6.66152211 75.7536691)
Gimnasio al aire libre,Comuna 1 Liborio Mejía,Barrio,Las playas,Gimnasio al aire libre las playas,Cra. 44 #50-2 a 50-40,6.66153578,75.75369162,POINT (6.66153578 75.75369162)
Parques infantiles,Comuna 1 Liborio Mejía,Barrio,Las playas,Parque infantil las playas,Cl. 51 #44-2 a 44-34,6.66154389,75.75369254,POINT (6.66154389 75.75369254)
Placa Polideportiva,Comuna 1 Liborio Mejía,Barrio,Las playas,Placa polideportiva las playas,Cl. 51 #44-2 a 44-34,6.66154389,75.75369254,POINT (6.66154389 75.75369254)
Gimnasio al aire libre,Comuna 1 Liborio Mejía,Barrio,La herradura,Gimnasio al aire libre la herradura,Cl. 64 #47-122 a 47-144,6.66162403,75.75368419,POINT (6.66162403 75.75368419)
Placa Polideportiva,Comuna 1 Liborio Mejía,Barrio,Los lagos,Placa polideportiva los lagos,Cra. 48 #61-121 a 61-81,6.66160868,75.75369592,POINT (6.66160868 75.75369592)
Gimnasio al aire libre,Comuna 1 Liborio Mejía,Barrio,Los lagos,Gimnasio al aire libre los lagos,Cra. 48 #61-121 a 61-81,6.66160868,75.75369592,POINT (6.66160868 75.75369592)
Placa Polideportiva,Comuna 1 Liborio Mejía,Barrio,Horizontes,Placa polideportiva. horizontes,Cerca de Cl. 59d #53a2,6.66161119,75.75373132,POINT (6.66161119 75.75373132)
Gimnasio al aire libre,Comuna 1 Liborio Mejía,Barrio,Alto de la mosca,Gimnasio al aire libre. alto de la mosca,Carrera 54. alto de la mosca,6.66159656,75.75373785,POINT (6.66159656 75.75373785)
Placa Polideportiva,Comuna 1 Liborio Mejía,Barrio,Bosques del Norte,Placa polideportiva Bosques del norte,Cra. 57 #59a-2 a 59a-32,6.66160754,75.75375283,POINT (6.66160754 75.75375283)
Gimnasio al aire libre,Comuna 1 Liborio Mejía,Barrio,Bosques del norte,Gimnasio al aire libre bosques del norte,Cl. 59ab #54-117 a 54-67,6.66160759,75.75375011,POINT (6.66160759 75.75375011)
Gimnasio al aire libre,Comuna 1 Liborio Mejía,Barrio,Mirador de San Nicolás,Gimnasio al aire libre de mirador San Nicolás,Cl. 52c #5814,6.66159516,75.75375675,POINT (6.66159516 75.75375675)
Placa Polideportiva,Comuna 1 Liborio Mejía,Barrio,Mirador de San Nicolás,Placa polideportiva mirador,Cl. 52c #5814,6.66159516,75.75375675,POINT (6.66159516 75.75375675)
Parques infantiles,Comuna 1 Liborio Mejía,Barrio,Quebrada Arriba,parque infantil Quebrada Arriba,Cra. 59 #51-21 a 51-1,6.66158757,75.75377578,POINT (6.66158757 75.75377578)
Cancha de fútbol sintética,Comuna 1 Liborio Mejía,Barrio,Cancha Quebrada Arriba,Cancha de fútbol Quebrada Arriba,Cl. 52 #58a-56 a 58a-102,6.66158545,75.75377277,POINT (6.66158545 75.75377277)
Gimnasio al aire libre,Comuna 1 Liborio Mejía,Barrio,Quebrada Arriba,Gimnasio al aire libre Quebrada arriba,Cl. 52 #58a-56 a 58a-102,6.66158545,75.75377277,POINT (6.66158545 75.75377277)
Placa Polideportiva,Comuna 1 Liborio Mejía,Barrio,Quebrada Arriba,Placa polideportiva Quebrada Arriba,Cl. 52 #60a-35 a 60a-1,6.66160376,75.75378329,POINT (6.66160376 75.75378329)
Placa Polideportiva,Comuna 1 Liborio Mejía,Barrio,La inmaculada,Placa polideportiva la inmaculada,Cra. 60b #50-20 a 50-26,6.66158153,75.75380498,POINT (6.66158153 75.75380498)
Gimnasio al aire libre,Comuna 1 Liborio Mejía,Barrio,La inmaculada,Gimansio al aire libre la inmaculada,Cra. 60b #50-20 a 50-26,6.66158153,75.75380498,POINT (6.66158153 75.75380498)
Gimnasio al aire libre,Comuna 1 Liborio Mejía,Barrio,Alto del medio,Gimansio al aire libre alto del medio,Cl. 51 #59-263 a 59-91,6.66156366,75.75377669,POINT (6.66156366 75.75377669)
Placa Polideportiva,Comuna 1 Liborio Mejía,Barrio,Alto del medio,Placa polideportiva alto del medio,Cra. 54 #5022,6.66154818,75.75375724,POINT (6.66154818 75.75375724)
Gimnasio al aire libre,Comuna 1 Liborio Mejía,Barrio,La esperanza,gimnasio al aire libre la esperanza,Cl. 48b #57aa-35 a 57aa-,6.66154386,75.75378708,POINT (6.66154386 75.75378708)
Placa Polideportiva,Comuna 1 Liborio Mejía,Barrio,La esperanza,placa polideportiva la esperanza,Cl. 48b #57aa-35 a 57aa-,6.66154386,75.75378708,POINT (6.66154386 75.75378708)
Parques infantiles,Comuna 1 Liborio Mejía,Barrio,La esperanza,parque infantil la esperanza,Cl. 48b #57aa-35 a 57aa-,6.66154386,75.75378708,POINT (6.66154386 75.75378708)
Gimnasio al aire libre,Comuna 1 Liborio Mejía,Barrio,El hoyo,gimnasio al aire libre el hoyo,Cl. 46 #54-96 a 54-116,6.66151124,75.75377885,POINT (6.66151124 75.75377885)
Placa Polideportiva,Comuna 1 Liborio Mejía,Barrio,El hoyo,placa polideportiva el hoyo,Cl. 46 #54-96 a 54-116,6.66151124,75.75377885,POINT (6.66151124 75.75377885)
Parques infantiles,Comuna 1 Liborio Mejía,Barrio,El hoyo,parque infantil el hoyo,Cl. 46 #54-96 a 54-116,6.66151124,75.75377885,POINT (6.66151124 75.75377885)
Gimnasio al aire libre,Comuna 4 El Porvenir,Barrio,Santa Teresa,Gimansio al aire libre santa teresa,Cra. 69 #47a-31 a 47a-1,6.6615165,75.75388565,POINT (6.6615165 75.75388565)
Placa Polideportiva,Comuna 4 El Porvenir,Barrio,Santa Teresa,placa polideportiva santa teresa,Cl. 47a #68b 3-42 a 68b 3-72,6.6615224,75.75387531,POINT (6.6615224 75.75387531)
Placa Polideportiva,Comuna 4 El Porvenir,Barrio,Quintas del Carretero 1,placa polideportiva quintas del carretero 1,Cl. 45b #61-75 a 61-1,6.6615014,75.75382037,POINT (6.6615014 75.75382037)
Gimnasio al aire libre,Comuna 4 El Porvenir,Barrio,Quintas del Carretero 1,gimnasio al aire libre quintas del carretero,Cl. 45b #61-75 a 61-1,6.6615014,75.75382037,POINT (6.6615014 75.75382037)
Placa Polideportiva,Comuna 4 El Porvenir,Barrio,Porvenir primera etapa,placa polideportiva la primavera,Cl. 42 #62-134 a 62-188,6.66148799,75.75385156,POINT (6.66148799 75.75385156)
Placa Polideportiva,Comuna 4 El Porvenir,Barrio,Vegas de la calleja,placa polideportiva vegas de la calleja,Cl. 40 #62-2 a 62-34,6.66146111,75.75384791,POINT (6.66146111 75.75384791)
Gimnasio al aire libre,Comuna 4 El Porvenir,Barrio,Vegas de calleja,gimnasio al aire libre vegas de la calleja,Cl. 40 #62-2 a 62-34,6.66146111,75.75384791,POINT (6.66146111 75.75384791)
Cancha de fútbol sintética,Comuna 4 El Porvenir,Barrio,Porvenir 1 etapa,,Cl. 40 #64-2 a 64-40,6.66146704,75.75386654,POINT (6.66146704 75.75386654)
Placa Polideportiva,Comuna 4 El Porvenir,Barrio,Porvenir 1 etapa,placa polideportiva primera etapa,Cl. 40 #64-2 a 64-40,6.66146704,75.75386654,POINT (6.66146704 75.75386654)
Parques infantiles,Comuna 4 El Porvenir,Barrio,Porvenir 1 etapa,parque infantil primera etapa,Cl. 40 #64-2 a 64-40,6.66146704,75.75386654,POINT (6.66146704 75.75386654)
Gimnasio al aire libre,Comuna 4 El Porvenir,Barrio,Porvenir 1 etapa,gimnasio al aire libre primera etapa,Cl. 40 #64-2 a 64-40,6.66146704,75.75386654,POINT (6.66146704 75.75386654)
Placa Polideportiva,Comuna 4 El Porvenir,Barrio,Porvenir 8tva etapa,placa polideportiva octava etapa,Cl. 40c #72-73 a 72-1,6.66148193,75.75391775,POINT (6.66148193 75.75391775)
Gimnasio al aire libre,Comuna 4 El Porvenir,Barrio,Barrio linda granja,gimnasio al aire libre linda granja,Cra. 77,6.66153224,75.75393755,POINT (6.66153224 75.75393755)
Gimnasio al aire libre,Comuna 4 El Porvenir,Barrio,El llanito,Gimansio el llanito mirador del lago,Cra. 81 #41a-2 a 41a-42,6.66150199,75.75395724,POINT (6.66150199 75.75395724)
Parques infantiles,Comuna 4 El Porvenir,Barrio,Porvenir 4 etapa,parque infantil cuarta etapa,Cl. 42 #74-2 a 74-38,6.66149529,75.75391591,POINT (6.66149529 75.75391591)
Gimnasio al aire libre,Comuna 4 El Porvenir,Barrio,Porvenir 4 etapa,gimnasio al aire libre cuarta etapa,Cl. 42 #74-2 a 74-38,6.66149529,75.75391591,POINT (6.66149529 75.75391591)
Placa Polideportiva,Comuna 4 El Porvenir,Barrio,Porvenir 4 etapa,placa polideportiva cuarta etapa,Cl. 42 #74-2 a 74-38,6.66149529,75.75391591,POINT (6.66149529 75.75391591)
Parques infantiles,Comuna 4 El Porvenir,Barrio,Porvenir 3 etapa,parque infantil tercera etapa,Cra. 68 #41ab-2 a 41ab-14,6.66149265,75.75387554,POINT (6.66149265 75.75387554)
Gimnasio al aire libre,Comuna 4 El Porvenir,Barrio,Porvenir 3 etapa,gimnasio al aire libre tercera etapa,Cra. 68 #41ab-2 a 41ab-14,6.66149265,75.75387554,POINT (6.66149265 75.75387554)
Placa Polideportiva,Comuna 4 El Porvenir,Barrio,Porvenir 3 etapa,placa polideportiva 3 etapa,Cra. 68 #41ab-2 a 41ab-14,6.66149265,75.75387554,POINT (6.66149265 75.75387554)
Placa Polideportiva,Comuna 4 El Porvenir,Barrio,Las torres,placa polideportiva las torres,Dg. 57a #60-12 a 60-36,6.66145778,75.75380962,POINT (6.66145778 75.75380962)
